source, target, weight
0 , 0 , 1
0 , 8 , 1
0 , 124 , 1
0 , 171 , 1
0 , 161 , 1
0 , 143 , 1
0 , 132 , 1
0 , 66 , 1
0 , 73 , 1
1 , 75 , 1
1 , 91 , 1
1 , 179 , 1
1 , 40 , 1
1 , 207 , 1
1 , 85 , 1
1 , 112 , 1
1 , 143 , 1
1 , 154 , 1
1 , 1 , 1
1 , 90 , 1
1 , 151 , 1
2 , 100 , 1
2 , 123 , 1
2 , 19 , 1
2 , 184 , 1
2 , 175 , 1
2 , 2 , 1
2 , 25 , 1
3 , 195 , 1
3 , 3 , 1
3 , 32 , 1
4 , 184 , 1
4 , 149 , 1
4 , 19 , 1
4 , 25 , 1
4 , 175 , 1
4 , 4 , 1
5 , 51 , 1
5 , 171 , 1
5 , 40 , 1
5 , 90 , 1
5 , 153 , 1
5 , 30 , 1
5 , 182 , 1
5 , 15 , 1
5 , 124 , 1
5 , 5 , 1
5 , 172 , 1
5 , 105 , 1
5 , 101 , 1
6 , 172 , 1
6 , 195 , 1
6 , 110 , 1
6 , 207 , 1
6 , 143 , 1
6 , 157 , 1
6 , 124 , 1
6 , 215 , 1
6 , 29 , 1
6 , 6 , 1
6 , 159 , 1
6 , 8 , 1
6 , 76 , 1
7 , 28 , 1
7 , 182 , 1
7 , 7 , 1
7 , 47 , 1
7 , 217 , 1
7 , 169 , 1
7 , 176 , 1
7 , 41 , 1
7 , 64 , 1
7 , 22 , 1
7 , 141 , 1
7 , 113 , 1
8 , 8 , 1
8 , 66 , 1
8 , 73 , 1
8 , 161 , 1
8 , 0 , 1
8 , 204 , 1
8 , 143 , 1
9 , 86 , 1
9 , 9 , 1
9 , 174 , 1
9 , 218 , 1
9 , 118 , 1
9 , 115 , 1
9 , 96 , 1
9 , 44 , 1
9 , 171 , 1
9 , 123 , 1
9 , 99 , 1
9 , 81 , 1
9 , 185 , 1
10 , 107 , 1
10 , 139 , 1
10 , 58 , 1
10 , 164 , 1
10 , 123 , 1
10 , 10 , 1
10 , 77 , 1
10 , 136 , 1
13 , 3 , 1
13 , 150 , 1
13 , 141 , 1
13 , 2 , 1
13 , 30 , 1
13 , 132 , 1
13 , 213 , 1
13 , 194 , 1
13 , 32 , 1
13 , 125 , 1
13 , 159 , 1
13 , 208 , 1
13 , 8 , 1
13 , 13 , 1
13 , 215 , 1
13 , 103 , 1
13 , 143 , 1
13 , 133 , 1
13 , 146 , 1
13 , 25 , 1
13 , 66 , 1
13 , 171 , 1
13 , 11 , 1
13 , 207 , 1
13 , 49 , 1
15 , 66 , 1
15 , 201 , 1
15 , 171 , 1
15 , 101 , 1
15 , 125 , 1
15 , 15 , 1
15 , 30 , 1
16 , 10 , 1
16 , 100 , 1
16 , 116 , 1
16 , 74 , 1
16 , 112 , 1
16 , 187 , 1
16 , 24 , 1
16 , 167 , 1
16 , 36 , 1
16 , 35 , 1
16 , 115 , 1
16 , 102 , 1
16 , 171 , 1
16 , 16 , 1
16 , 136 , 1
16 , 143 , 1
17 , 66 , 1
17 , 197 , 1
17 , 27 , 1
17 , 103 , 1
17 , 180 , 1
17 , 143 , 1
17 , 17 , 1
17 , 148 , 1
17 , 171 , 1
17 , 147 , 1
17 , 134 , 1
11 , 207 , 1
11 , 11 , 1
11 , 146 , 1
11 , 215 , 1
11 , 138 , 1
11 , 191 , 1
12 , 174 , 1
12 , 12 , 1
14 , 183 , 1
14 , 85 , 1
14 , 14 , 1
14 , 38 , 1
14 , 74 , 1
14 , 171 , 1
14 , 31 , 1
14 , 75 , 1
14 , 115 , 1
14 , 124 , 1
18 , 141 , 1
18 , 53 , 1
18 , 171 , 1
18 , 18 , 1
18 , 80 , 1
19 , 4 , 1
19 , 25 , 1
19 , 19 , 1
19 , 175 , 1
19 , 184 , 1
20 , 204 , 1
20 , 80 , 1
20 , 174 , 1
20 , 45 , 1
20 , 115 , 1
20 , 20 , 1
20 , 139 , 1
20 , 178 , 1
20 , 49 , 1
20 , 53 , 1
20 , 141 , 1
20 , 26 , 1
20 , 199 , 1
20 , 136 , 1
20 , 171 , 1
22 , 49 , 1
22 , 139 , 1
22 , 86 , 1
22 , 164 , 1
22 , 214 , 1
22 , 176 , 1
22 , 136 , 1
22 , 174 , 1
22 , 20 , 1
22 , 163 , 1
22 , 81 , 1
22 , 42 , 1
22 , 41 , 1
22 , 26 , 1
22 , 95 , 1
22 , 206 , 1
22 , 119 , 1
22 , 45 , 1
22 , 72 , 1
22 , 141 , 1
22 , 169 , 1
22 , 171 , 1
22 , 77 , 1
22 , 115 , 1
22 , 22 , 1
23 , 62 , 1
23 , 213 , 1
23 , 59 , 1
23 , 112 , 1
23 , 190 , 1
23 , 51 , 1
23 , 110 , 1
23 , 23 , 1
23 , 38 , 1
23 , 130 , 1
23 , 24 , 1
23 , 97 , 1
24 , 62 , 1
24 , 24 , 1
25 , 73 , 1
25 , 19 , 1
25 , 154 , 1
25 , 39 , 1
25 , 184 , 1
25 , 25 , 1
25 , 43 , 1
25 , 95 , 1
25 , 155 , 1
25 , 4 , 1
25 , 149 , 1
25 , 175 , 1
25 , 2 , 1
26 , 12 , 1
26 , 49 , 1
26 , 114 , 1
26 , 115 , 1
26 , 139 , 1
26 , 171 , 1
26 , 26 , 1
26 , 178 , 1
26 , 81 , 1
26 , 167 , 1
26 , 136 , 1
26 , 174 , 1
26 , 164 , 1
26 , 218 , 1
26 , 20 , 1
26 , 45 , 1
26 , 123 , 1
26 , 86 , 1
27 , 159 , 1
27 , 89 , 1
27 , 215 , 1
27 , 87 , 1
27 , 27 , 1
28 , 118 , 1
28 , 127 , 1
28 , 45 , 1
28 , 214 , 1
28 , 49 , 1
28 , 139 , 1
28 , 77 , 1
28 , 44 , 1
28 , 169 , 1
28 , 104 , 1
28 , 78 , 1
28 , 92 , 1
28 , 61 , 1
28 , 9 , 1
28 , 111 , 1
28 , 52 , 1
28 , 199 , 1
28 , 55 , 1
28 , 217 , 1
28 , 28 , 1
28 , 218 , 1
28 , 99 , 1
28 , 109 , 1
28 , 123 , 1
28 , 156 , 1
28 , 47 , 1
28 , 136 , 1
28 , 81 , 1
28 , 172 , 1
29 , 66 , 1
29 , 143 , 1
29 , 207 , 1
29 , 29 , 1
29 , 125 , 1
30 , 65 , 1
31 , 74 , 1
31 , 117 , 1
31 , 69 , 1
31 , 149 , 1
31 , 182 , 1
31 , 106 , 1
31 , 35 , 1
31 , 176 , 1
31 , 31 , 1
32 , 215 , 1
32 , 65 , 1
32 , 81 , 1
32 , 172 , 1
32 , 222 , 1
32 , 133 , 1
32 , 123 , 1
32 , 2 , 1
32 , 3 , 1
32 , 13 , 1
32 , 184 , 1
32 , 195 , 1
32 , 32 , 1
32 , 100 , 1
32 , 205 , 1
32 , 207 , 1
32 , 186 , 1
32 , 208 , 1
32 , 135 , 1
32 , 221 , 1
32 , 105 , 1
33 , 33 , 1
33 , 174 , 1
33 , 115 , 1
33 , 96 , 1
33 , 127 , 1
33 , 95 , 1
34 , 126 , 1
34 , 131 , 1
35 , 31 , 1
35 , 117 , 1
35 , 155 , 1
35 , 35 , 1
35 , 88 , 1
35 , 77 , 1
35 , 75 , 1
35 , 74 , 1
35 , 200 , 1
35 , 69 , 1
35 , 47 , 1
35 , 119 , 1
35 , 143 , 1
35 , 90 , 1
36 , 193 , 1
36 , 210 , 1
36 , 119 , 1
36 , 156 , 1
36 , 64 , 1
36 , 69 , 1
36 , 90 , 1
36 , 42 , 1
36 , 36 , 1
36 , 115 , 1
36 , 92 , 1
36 , 74 , 1
36 , 63 , 1
36 , 186 , 1
36 , 198 , 1
36 , 154 , 1
36 , 91 , 1
36 , 86 , 1
36 , 145 , 1
37 , 143 , 1
37 , 153 , 1
37 , 115 , 1
37 , 60 , 1
37 , 65 , 1
37 , 0 , 1
37 , 120 , 1
37 , 37 , 1
37 , 73 , 1
37 , 30 , 1
37 , 8 , 1
37 , 66 , 1
37 , 51 , 1
37 , 128 , 1
37 , 181 , 1
38 , 71 , 1
38 , 116 , 1
38 , 187 , 1
38 , 148 , 1
38 , 163 , 1
38 , 62 , 1
38 , 24 , 1
38 , 112 , 1
38 , 84 , 1
38 , 107 , 1
38 , 23 , 1
38 , 75 , 1
38 , 85 , 1
38 , 38 , 1
38 , 154 , 1
39 , 15 , 1
39 , 39 , 1
40 , 172 , 1
40 , 40 , 1
41 , 169 , 1
41 , 49 , 1
41 , 141 , 1
41 , 45 , 1
41 , 107 , 1
41 , 152 , 1
41 , 171 , 1
41 , 41 , 1
41 , 176 , 1
42 , 42 , 1
42 , 115 , 1
42 , 169 , 1
42 , 164 , 1
42 , 26 , 1
42 , 136 , 1
42 , 152 , 1
42 , 36 , 1
42 , 45 , 1
42 , 22 , 1
42 , 206 , 1
42 , 139 , 1
43 , 4 , 1
43 , 19 , 1
43 , 10 , 1
43 , 25 , 1
43 , 43 , 1
43 , 175 , 1
43 , 149 , 1
43 , 184 , 1
43 , 119 , 1
43 , 39 , 1
44 , 127 , 1
44 , 118 , 1
44 , 104 , 1
44 , 78 , 1
44 , 139 , 1
44 , 44 , 1
44 , 81 , 1
44 , 9 , 1
44 , 156 , 1
44 , 218 , 1
44 , 66 , 1
44 , 28 , 1
44 , 171 , 1
44 , 52 , 1
44 , 123 , 1
45 , 171 , 1
45 , 139 , 1
45 , 26 , 1
45 , 137 , 1
45 , 156 , 1
45 , 81 , 1
45 , 80 , 1
45 , 22 , 1
45 , 58 , 1
45 , 123 , 1
45 , 218 , 1
45 , 214 , 1
45 , 115 , 1
45 , 18 , 1
45 , 198 , 1
45 , 45 , 1
45 , 129 , 1
45 , 136 , 1
45 , 49 , 1
45 , 210 , 1
45 , 164 , 1
45 , 169 , 1
45 , 86 , 1
45 , 99 , 1
45 , 104 , 1
45 , 55 , 1
45 , 20 , 1
46 , 44 , 1
46 , 218 , 1
46 , 46 , 1
46 , 123 , 1
46 , 185 , 1
46 , 109 , 1
46 , 119 , 1
46 , 99 , 1
46 , 118 , 1
46 , 136 , 1
46 , 216 , 1
46 , 92 , 1
46 , 143 , 1
46 , 81 , 1
47 , 22 , 1
47 , 148 , 1
47 , 46 , 1
47 , 77 , 1
47 , 217 , 1
47 , 169 , 1
47 , 31 , 1
47 , 218 , 1
47 , 81 , 1
47 , 88 , 1
47 , 92 , 1
47 , 64 , 1
47 , 35 , 1
47 , 7 , 1
47 , 182 , 1
47 , 123 , 1
47 , 47 , 1
47 , 28 , 1
48 , 211 , 1
48 , 154 , 1
48 , 171 , 1
48 , 172 , 1
48 , 157 , 1
48 , 149 , 1
48 , 48 , 1
48 , 166 , 1
49 , 171 , 1
49 , 164 , 1
49 , 45 , 1
49 , 139 , 1
49 , 53 , 1
49 , 178 , 1
49 , 115 , 1
49 , 20 , 1
49 , 141 , 1
49 , 26 , 1
49 , 18 , 1
49 , 49 , 1
50 , 131 , 1
50 , 15 , 1
50 , 211 , 1
50 , 168 , 1
50 , 146 , 1
50 , 142 , 1
50 , 34 , 1
50 , 134 , 1
50 , 202 , 1
50 , 50 , 1
50 , 201 , 1
50 , 188 , 1
50 , 76 , 1
51 , 143 , 1
51 , 165 , 1
51 , 51 , 1
52 , 44 , 1
52 , 127 , 1
52 , 55 , 1
52 , 81 , 1
52 , 156 , 1
52 , 136 , 1
52 , 58 , 1
52 , 218 , 1
52 , 123 , 1
52 , 28 , 1
52 , 99 , 1
52 , 52 , 1
52 , 104 , 1
52 , 92 , 1
52 , 118 , 1
52 , 139 , 1
53 , 115 , 1
53 , 49 , 1
53 , 174 , 1
53 , 12 , 1
53 , 141 , 1
53 , 209 , 1
53 , 80 , 1
53 , 178 , 1
53 , 79 , 1
53 , 53 , 1
53 , 18 , 1
53 , 171 , 1
53 , 20 , 1
54 , 131 , 1
54 , 66 , 1
54 , 105 , 1
54 , 34 , 1
54 , 203 , 1
54 , 100 , 1
54 , 76 , 1
54 , 54 , 1
54 , 161 , 1
54 , 65 , 1
54 , 146 , 1
54 , 15 , 1
54 , 49 , 1
54 , 26 , 1
54 , 21 , 1
55 , 139 , 1
55 , 218 , 1
55 , 81 , 1
55 , 55 , 1
55 , 58 , 1
55 , 123 , 1
56 , 70 , 1
56 , 143 , 1
56 , 152 , 1
56 , 159 , 1
56 , 83 , 1
56 , 212 , 1
56 , 215 , 1
56 , 33 , 1
56 , 56 , 1
56 , 87 , 1
56 , 94 , 1
57 , 220 , 1
57 , 74 , 1
57 , 161 , 1
57 , 155 , 1
57 , 181 , 1
57 , 57 , 1
57 , 143 , 1
57 , 128 , 1
57 , 183 , 1
58 , 214 , 1
58 , 156 , 1
58 , 164 , 1
58 , 49 , 1
58 , 10 , 1
58 , 136 , 1
58 , 44 , 1
58 , 42 , 1
58 , 123 , 1
58 , 92 , 1
58 , 218 , 1
58 , 58 , 1
58 , 26 , 1
58 , 20 , 1
58 , 22 , 1
58 , 86 , 1
58 , 28 , 1
58 , 139 , 1
58 , 169 , 1
58 , 127 , 1
58 , 45 , 1
58 , 106 , 1
58 , 81 , 1
58 , 199 , 1
58 , 55 , 1
58 , 178 , 1
58 , 82 , 1
59 , 115 , 1
59 , 180 , 1
59 , 96 , 1
59 , 67 , 1
59 , 185 , 1
59 , 61 , 1
59 , 109 , 1
59 , 92 , 1
59 , 89 , 1
59 , 59 , 1
59 , 81 , 1
59 , 209 , 1
59 , 123 , 1
59 , 166 , 1
59 , 171 , 1
59 , 77 , 1
60 , 30 , 1
60 , 181 , 1
60 , 143 , 1
60 , 60 , 1
60 , 165 , 1
60 , 120 , 1
60 , 37 , 1
60 , 153 , 1
60 , 66 , 1
60 , 51 , 1
61 , 156 , 1
61 , 59 , 1
61 , 9 , 1
61 , 44 , 1
61 , 109 , 1
61 , 55 , 1
61 , 217 , 1
61 , 139 , 1
61 , 81 , 1
61 , 28 , 1
61 , 77 , 1
61 , 47 , 1
61 , 45 , 1
61 , 61 , 1
61 , 58 , 1
61 , 218 , 1
61 , 104 , 1
61 , 185 , 1
61 , 118 , 1
61 , 123 , 1
61 , 169 , 1
61 , 46 , 1
61 , 143 , 1
61 , 92 , 1
63 , 162 , 1
63 , 125 , 1
63 , 36 , 1
63 , 193 , 1
63 , 200 , 1
63 , 91 , 1
63 , 0 , 1
63 , 90 , 1
63 , 192 , 1
63 , 182 , 1
63 , 63 , 1
63 , 143 , 1
63 , 154 , 1
63 , 161 , 1
63 , 66 , 1
63 , 5 , 1
63 , 207 , 1
63 , 29 , 1
62 , 148 , 1
62 , 149 , 1
62 , 38 , 1
62 , 83 , 1
62 , 180 , 1
62 , 24 , 1
62 , 128 , 1
62 , 71 , 1
62 , 116 , 1
62 , 84 , 1
62 , 62 , 1
62 , 147 , 1
64 , 182 , 1
64 , 139 , 1
64 , 113 , 1
64 , 40 , 1
64 , 171 , 1
64 , 169 , 1
64 , 141 , 1
64 , 64 , 1
64 , 18 , 1
64 , 42 , 1
64 , 22 , 1
64 , 176 , 1
64 , 20 , 1
64 , 204 , 1
64 , 12 , 1
65 , 173 , 1
65 , 65 , 1
65 , 221 , 1
65 , 30 , 1
65 , 100 , 1
65 , 105 , 1
66 , 66 , 1
66 , 149 , 1
66 , 73 , 1
66 , 143 , 1
66 , 124 , 1
66 , 125 , 1
67 , 171 , 1
67 , 152 , 1
67 , 139 , 1
67 , 107 , 1
67 , 164 , 1
67 , 113 , 1
67 , 209 , 1
67 , 67 , 1
67 , 94 , 1
67 , 169 , 1
67 , 136 , 1
67 , 72 , 1
67 , 22 , 1
67 , 53 , 1
67 , 115 , 1
67 , 104 , 1
67 , 119 , 1
67 , 79 , 1
68 , 192 , 1
68 , 40 , 1
68 , 59 , 1
68 , 68 , 1
68 , 129 , 1
68 , 18 , 1
68 , 123 , 1
69 , 74 , 1
69 , 145 , 1
69 , 69 , 1
69 , 119 , 1
70 , 72 , 1
70 , 94 , 1
70 , 18 , 1
70 , 95 , 1
70 , 67 , 1
70 , 143 , 1
70 , 152 , 1
70 , 35 , 1
70 , 107 , 1
71 , 143 , 1
71 , 24 , 1
71 , 71 , 1
71 , 17 , 1
71 , 38 , 1
71 , 62 , 1
71 , 102 , 1
71 , 187 , 1
71 , 163 , 1
71 , 116 , 1
71 , 97 , 1
72 , 119 , 1
72 , 115 , 1
72 , 94 , 1
72 , 113 , 1
72 , 123 , 1
72 , 72 , 1
72 , 67 , 1
72 , 70 , 1
72 , 107 , 1
72 , 21 , 1
72 , 10 , 1
72 , 136 , 1
72 , 152 , 1
72 , 22 , 1
72 , 53 , 1
72 , 164 , 1
72 , 139 , 1
72 , 171 , 1
73 , 143 , 1
73 , 161 , 1
73 , 8 , 1
73 , 132 , 1
73 , 66 , 1
73 , 0 , 1
73 , 95 , 1
73 , 73 , 1
75 , 112 , 1
75 , 85 , 1
75 , 35 , 1
75 , 75 , 1
76 , 177 , 1
76 , 179 , 1
76 , 202 , 1
76 , 76 , 1
76 , 126 , 1
74 , 143 , 1
74 , 69 , 1
74 , 74 , 1
77 , 77 , 1
77 , 78 , 1
77 , 55 , 1
77 , 81 , 1
77 , 47 , 1
77 , 72 , 1
77 , 109 , 1
77 , 171 , 1
77 , 28 , 1
77 , 218 , 1
77 , 45 , 1
77 , 59 , 1
77 , 113 , 1
77 , 49 , 1
77 , 61 , 1
77 , 152 , 1
77 , 199 , 1
77 , 10 , 1
77 , 123 , 1
77 , 22 , 1
77 , 107 , 1
77 , 169 , 1
77 , 99 , 1
78 , 49 , 1
78 , 164 , 1
78 , 77 , 1
78 , 178 , 1
78 , 136 , 1
78 , 18 , 1
78 , 81 , 1
78 , 118 , 1
78 , 174 , 1
78 , 171 , 1
78 , 123 , 1
78 , 115 , 1
78 , 114 , 1
78 , 139 , 1
78 , 26 , 1
78 , 218 , 1
78 , 80 , 1
78 , 53 , 1
78 , 94 , 1
78 , 78 , 1
78 , 152 , 1
79 , 115 , 1
79 , 53 , 1
79 , 80 , 1
79 , 209 , 1
79 , 171 , 1
79 , 18 , 1
79 , 141 , 1
79 , 79 , 1
80 , 171 , 1
80 , 49 , 1
80 , 79 , 1
80 , 80 , 1
80 , 178 , 1
80 , 139 , 1
80 , 18 , 1
80 , 78 , 1
80 , 204 , 1
80 , 115 , 1
80 , 53 , 1
80 , 20 , 1
81 , 9 , 1
81 , 82 , 1
81 , 28 , 1
81 , 123 , 1
81 , 94 , 1
81 , 78 , 1
81 , 22 , 1
81 , 139 , 1
81 , 136 , 1
81 , 214 , 1
81 , 42 , 1
81 , 104 , 1
81 , 81 , 1
81 , 92 , 1
81 , 58 , 1
81 , 216 , 1
81 , 109 , 1
81 , 52 , 1
81 , 111 , 1
81 , 118 , 1
81 , 55 , 1
81 , 99 , 1
81 , 44 , 1
81 , 185 , 1
81 , 217 , 1
81 , 156 , 1
81 , 45 , 1
81 , 86 , 1
81 , 41 , 1
81 , 196 , 1
81 , 47 , 1
81 , 26 , 1
81 , 218 , 1
81 , 169 , 1
81 , 127 , 1
82 , 10 , 1
82 , 113 , 1
82 , 86 , 1
82 , 45 , 1
82 , 81 , 1
82 , 210 , 1
82 , 136 , 1
82 , 49 , 1
82 , 115 , 1
82 , 169 , 1
82 , 72 , 1
82 , 199 , 1
82 , 198 , 1
82 , 22 , 1
82 , 123 , 1
82 , 139 , 1
82 , 42 , 1
82 , 164 , 1
82 , 106 , 1
82 , 214 , 1
82 , 82 , 1
82 , 218 , 1
82 , 58 , 1
82 , 141 , 1
82 , 171 , 1
82 , 152 , 1
83 , 220 , 1
83 , 163 , 1
83 , 212 , 1
83 , 24 , 1
83 , 62 , 1
83 , 83 , 1
83 , 87 , 1
84 , 30 , 1
84 , 157 , 1
84 , 40 , 1
84 , 84 , 1
84 , 66 , 1
84 , 149 , 1
84 , 24 , 1
84 , 187 , 1
84 , 91 , 1
84 , 171 , 1
84 , 35 , 1
84 , 38 , 1
84 , 62 , 1
85 , 75 , 1
85 , 112 , 1
85 , 85 , 1
86 , 81 , 1
86 , 164 , 1
86 , 86 , 1
86 , 113 , 1
86 , 22 , 1
86 , 139 , 1
86 , 67 , 1
86 , 115 , 1
86 , 49 , 1
86 , 171 , 1
86 , 96 , 1
87 , 176 , 1
87 , 154 , 1
87 , 212 , 1
87 , 17 , 1
87 , 106 , 1
87 , 171 , 1
87 , 87 , 1
87 , 115 , 1
87 , 27 , 1
88 , 88 , 1
88 , 77 , 1
88 , 75 , 1
88 , 35 , 1
88 , 85 , 1
89 , 215 , 1
89 , 87 , 1
89 , 147 , 1
89 , 59 , 1
89 , 182 , 1
89 , 27 , 1
89 , 159 , 1
89 , 89 , 1
90 , 35 , 1
90 , 117 , 1
90 , 207 , 1
90 , 90 , 1
90 , 91 , 1
90 , 76 , 1
90 , 200 , 1
90 , 29 , 1
90 , 189 , 1
90 , 51 , 1
90 , 143 , 1
90 , 63 , 1
90 , 145 , 1
90 , 1 , 1
90 , 159 , 1
90 , 193 , 1
90 , 179 , 1
90 , 36 , 1
90 , 40 , 1
90 , 151 , 1
90 , 208 , 1
91 , 75 , 1
91 , 112 , 1
91 , 154 , 1
91 , 193 , 1
91 , 85 , 1
91 , 90 , 1
91 , 215 , 1
91 , 87 , 1
91 , 143 , 1
91 , 63 , 1
91 , 40 , 1
91 , 212 , 1
91 , 207 , 1
91 , 91 , 1
92 , 92 , 1
92 , 217 , 1
92 , 46 , 1
92 , 218 , 1
92 , 55 , 1
92 , 104 , 1
92 , 169 , 1
92 , 123 , 1
92 , 47 , 1
92 , 171 , 1
92 , 186 , 1
92 , 59 , 1
92 , 52 , 1
92 , 139 , 1
92 , 185 , 1
92 , 28 , 1
92 , 44 , 1
92 , 118 , 1
92 , 109 , 1
92 , 119 , 1
92 , 81 , 1
92 , 58 , 1
92 , 61 , 1
92 , 9 , 1
93 , 67 , 1
93 , 145 , 1
93 , 114 , 1
93 , 119 , 1
93 , 53 , 1
93 , 171 , 1
93 , 49 , 1
93 , 93 , 1
93 , 18 , 1
93 , 209 , 1
93 , 20 , 1
93 , 96 , 1
93 , 115 , 1
94 , 70 , 1
94 , 107 , 1
94 , 94 , 1
94 , 72 , 1
94 , 67 , 1
94 , 152 , 1
95 , 114 , 1
95 , 155 , 1
95 , 73 , 1
95 , 20 , 1
95 , 143 , 1
95 , 67 , 1
95 , 113 , 1
95 , 80 , 1
95 , 33 , 1
95 , 22 , 1
95 , 66 , 1
95 , 53 , 1
95 , 49 , 1
95 , 125 , 1
95 , 96 , 1
95 , 115 , 1
95 , 69 , 1
95 , 26 , 1
95 , 171 , 1
95 , 204 , 1
95 , 137 , 1
95 , 119 , 1
95 , 79 , 1
95 , 206 , 1
95 , 18 , 1
95 , 74 , 1
95 , 43 , 1
95 , 19 , 1
95 , 0 , 1
95 , 8 , 1
95 , 209 , 1
95 , 70 , 1
95 , 169 , 1
95 , 175 , 1
95 , 174 , 1
95 , 124 , 1
95 , 141 , 1
95 , 25 , 1
95 , 149 , 1
95 , 10 , 1
95 , 196 , 1
95 , 184 , 1
95 , 98 , 1
95 , 95 , 1
95 , 4 , 1
95 , 152 , 1
95 , 132 , 1
95 , 12 , 1
96 , 115 , 1
96 , 171 , 1
96 , 96 , 1
97 , 74 , 1
97 , 143 , 1
97 , 23 , 1
97 , 97 , 1
97 , 145 , 1
97 , 116 , 1
97 , 62 , 1
97 , 163 , 1
97 , 196 , 1
97 , 65 , 1
97 , 30 , 1
97 , 66 , 1
97 , 217 , 1
98 , 98 , 1
98 , 0 , 1
99 , 49 , 1
99 , 139 , 1
99 , 99 , 1
99 , 118 , 1
99 , 45 , 1
99 , 136 , 1
99 , 52 , 1
99 , 81 , 1
99 , 218 , 1
99 , 44 , 1
99 , 58 , 1
99 , 55 , 1
99 , 123 , 1
99 , 77 , 1
100 , 173 , 1
100 , 100 , 1
100 , 105 , 1
100 , 65 , 1
100 , 221 , 1
101 , 48 , 1
101 , 170 , 1
101 , 66 , 1
101 , 194 , 1
101 , 201 , 1
101 , 101 , 1
101 , 184 , 1
101 , 211 , 1
101 , 15 , 1
102 , 114 , 1
102 , 66 , 1
102 , 187 , 1
102 , 152 , 1
102 , 107 , 1
102 , 102 , 1
102 , 149 , 1
102 , 116 , 1
102 , 139 , 1
102 , 163 , 1
102 , 71 , 1
103 , 161 , 1
103 , 30 , 1
103 , 143 , 1
103 , 8 , 1
103 , 197 , 1
103 , 132 , 1
103 , 103 , 1
103 , 221 , 1
104 , 143 , 1
104 , 171 , 1
104 , 118 , 1
104 , 41 , 1
104 , 55 , 1
104 , 81 , 1
104 , 174 , 1
104 , 49 , 1
104 , 123 , 1
104 , 44 , 1
104 , 218 , 1
104 , 26 , 1
104 , 104 , 1
104 , 222 , 1
104 , 45 , 1
105 , 105 , 1
105 , 173 , 1
105 , 100 , 1
105 , 30 , 1
105 , 65 , 1
105 , 221 , 1
106 , 119 , 1
106 , 9 , 1
106 , 31 , 1
106 , 185 , 1
106 , 106 , 1
106 , 96 , 1
106 , 87 , 1
106 , 136 , 1
107 , 18 , 1
107 , 123 , 1
107 , 67 , 1
107 , 70 , 1
107 , 139 , 1
107 , 94 , 1
107 , 115 , 1
107 , 204 , 1
107 , 74 , 1
107 , 77 , 1
107 , 10 , 1
107 , 42 , 1
107 , 136 , 1
107 , 49 , 1
107 , 178 , 1
107 , 86 , 1
107 , 72 , 1
107 , 96 , 1
107 , 198 , 1
107 , 113 , 1
107 , 171 , 1
107 , 45 , 1
107 , 107 , 1
107 , 80 , 1
107 , 152 , 1
107 , 127 , 1
107 , 41 , 1
108 , 132 , 1
108 , 108 , 1
108 , 95 , 1
108 , 143 , 1
108 , 66 , 1
108 , 35 , 1
108 , 0 , 1
109 , 218 , 1
109 , 109 , 1
109 , 118 , 1
109 , 185 , 1
109 , 18 , 1
109 , 107 , 1
109 , 46 , 1
109 , 139 , 1
109 , 9 , 1
109 , 52 , 1
109 , 61 , 1
109 , 156 , 1
109 , 44 , 1
109 , 217 , 1
109 , 59 , 1
109 , 104 , 1
109 , 216 , 1
109 , 180 , 1
109 , 28 , 1
109 , 123 , 1
109 , 77 , 1
109 , 81 , 1
109 , 55 , 1
109 , 92 , 1
109 , 47 , 1
109 , 174 , 1
110 , 110 , 1
110 , 159 , 1
110 , 81 , 1
110 , 215 , 1
111 , 169 , 1
111 , 136 , 1
111 , 139 , 1
111 , 81 , 1
111 , 10 , 1
111 , 55 , 1
111 , 99 , 1
111 , 58 , 1
111 , 45 , 1
111 , 26 , 1
111 , 118 , 1
111 , 218 , 1
111 , 164 , 1
111 , 82 , 1
111 , 28 , 1
111 , 9 , 1
111 , 44 , 1
111 , 77 , 1
111 , 123 , 1
112 , 91 , 1
112 , 85 , 1
112 , 112 , 1
112 , 75 , 1
113 , 169 , 1
113 , 152 , 1
113 , 55 , 1
113 , 174 , 1
113 , 72 , 1
113 , 107 , 1
113 , 113 , 1
113 , 94 , 1
113 , 67 , 1
113 , 53 , 1
113 , 171 , 1
114 , 114 , 1
114 , 93 , 1
114 , 209 , 1
114 , 78 , 1
114 , 18 , 1
114 , 137 , 1
114 , 178 , 1
114 , 218 , 1
114 , 123 , 1
114 , 171 , 1
114 , 141 , 1
114 , 49 , 1
114 , 26 , 1
114 , 169 , 1
114 , 115 , 1
115 , 49 , 1
115 , 66 , 1
115 , 53 , 1
115 , 139 , 1
115 , 137 , 1
115 , 115 , 1
115 , 171 , 1
115 , 178 , 1
115 , 18 , 1
115 , 141 , 1
115 , 124 , 1
115 , 96 , 1
115 , 174 , 1
115 , 33 , 1
115 , 12 , 1
115 , 209 , 1
116 , 116 , 1
117 , 74 , 1
117 , 69 , 1
117 , 200 , 1
117 , 117 , 1
117 , 90 , 1
117 , 31 , 1
117 , 149 , 1
117 , 35 , 1
118 , 81 , 1
118 , 139 , 1
118 , 52 , 1
118 , 118 , 1
118 , 123 , 1
118 , 218 , 1
118 , 109 , 1
118 , 127 , 1
118 , 44 , 1
118 , 185 , 1
118 , 156 , 1
118 , 104 , 1
118 , 92 , 1
118 , 9 , 1
118 , 78 , 1
118 , 28 , 1
119 , 119 , 1
119 , 145 , 1
119 , 92 , 1
120 , 181 , 1
120 , 189 , 1
120 , 153 , 1
120 , 203 , 1
120 , 37 , 1
120 , 165 , 1
120 , 30 , 1
120 , 143 , 1
120 , 51 , 1
120 , 60 , 1
120 , 66 , 1
120 , 120 , 1
121 , 115 , 1
121 , 121 , 1
121 , 171 , 1
122 , 101 , 1
122 , 146 , 1
122 , 15 , 1
123 , 111 , 1
123 , 42 , 1
123 , 65 , 1
123 , 49 , 1
123 , 171 , 1
123 , 109 , 1
123 , 178 , 1
123 , 41 , 1
123 , 104 , 1
123 , 100 , 1
123 , 199 , 1
123 , 92 , 1
123 , 55 , 1
123 , 26 , 1
123 , 9 , 1
123 , 18 , 1
123 , 52 , 1
123 , 141 , 1
123 , 86 , 1
123 , 185 , 1
123 , 44 , 1
123 , 59 , 1
123 , 123 , 1
123 , 129 , 1
123 , 143 , 1
123 , 142 , 1
123 , 139 , 1
123 , 99 , 1
123 , 22 , 1
123 , 164 , 1
123 , 218 , 1
123 , 114 , 1
123 , 28 , 1
123 , 78 , 1
123 , 2 , 1
123 , 217 , 1
123 , 77 , 1
123 , 58 , 1
123 , 172 , 1
123 , 214 , 1
123 , 10 , 1
123 , 202 , 1
123 , 169 , 1
123 , 136 , 1
123 , 127 , 1
123 , 107 , 1
123 , 47 , 1
123 , 156 , 1
123 , 118 , 1
123 , 66 , 1
123 , 45 , 1
123 , 81 , 1
123 , 46 , 1
124 , 203 , 1
124 , 124 , 1
124 , 171 , 1
124 , 73 , 1
124 , 204 , 1
124 , 0 , 1
124 , 66 , 1
124 , 8 , 1
124 , 177 , 1
125 , 167 , 1
126 , 177 , 1
126 , 131 , 1
126 , 76 , 1
126 , 34 , 1
126 , 158 , 1
126 , 126 , 1
126 , 188 , 1
126 , 160 , 1
126 , 98 , 1
127 , 218 , 1
127 , 107 , 1
127 , 217 , 1
127 , 81 , 1
127 , 115 , 1
127 , 33 , 1
127 , 127 , 1
127 , 118 , 1
127 , 123 , 1
127 , 20 , 1
127 , 171 , 1
127 , 139 , 1
127 , 53 , 1
128 , 66 , 1
128 , 187 , 1
128 , 165 , 1
128 , 73 , 1
128 , 143 , 1
128 , 60 , 1
128 , 37 , 1
128 , 8 , 1
128 , 128 , 1
128 , 181 , 1
128 , 120 , 1
128 , 171 , 1
128 , 30 , 1
128 , 0 , 1
128 , 125 , 1
128 , 153 , 1
129 , 143 , 1
129 , 18 , 1
129 , 68 , 1
129 , 53 , 1
129 , 139 , 1
129 , 171 , 1
129 , 92 , 1
129 , 123 , 1
129 , 152 , 1
129 , 70 , 1
129 , 87 , 1
129 , 45 , 1
129 , 81 , 1
129 , 129 , 1
129 , 107 , 1
130 , 130 , 1
130 , 183 , 1
130 , 149 , 1
130 , 24 , 1
130 , 176 , 1
130 , 23 , 1
130 , 62 , 1
130 , 112 , 1
130 , 187 , 1
131 , 34 , 1
131 , 188 , 1
131 , 131 , 1
131 , 168 , 1
131 , 177 , 1
131 , 160 , 1
131 , 126 , 1
131 , 158 , 1
132 , 132 , 1
133 , 150 , 1
133 , 66 , 1
133 , 95 , 1
133 , 29 , 1
133 , 215 , 1
133 , 149 , 1
133 , 8 , 1
133 , 133 , 1
133 , 13 , 1
133 , 74 , 1
133 , 208 , 1
133 , 90 , 1
133 , 213 , 1
133 , 32 , 1
133 , 171 , 1
134 , 73 , 1
134 , 161 , 1
134 , 30 , 1
134 , 147 , 1
134 , 134 , 1
134 , 0 , 1
134 , 17 , 1
134 , 171 , 1
134 , 177 , 1
134 , 76 , 1
134 , 221 , 1
134 , 66 , 1
134 , 203 , 1
134 , 95 , 1
134 , 132 , 1
134 , 204 , 1
134 , 65 , 1
134 , 34 , 1
134 , 143 , 1
134 , 200 , 1
134 , 188 , 1
134 , 124 , 1
135 , 152 , 1
135 , 66 , 1
135 , 182 , 1
135 , 171 , 1
135 , 95 , 1
135 , 100 , 1
135 , 32 , 1
135 , 135 , 1
135 , 124 , 1
135 , 195 , 1
136 , 185 , 1
136 , 106 , 1
136 , 178 , 1
136 , 82 , 1
136 , 198 , 1
136 , 171 , 1
136 , 81 , 1
136 , 214 , 1
136 , 20 , 1
136 , 58 , 1
136 , 199 , 1
136 , 10 , 1
136 , 164 , 1
136 , 218 , 1
136 , 45 , 1
136 , 86 , 1
136 , 99 , 1
136 , 123 , 1
136 , 26 , 1
136 , 139 , 1
136 , 22 , 1
136 , 169 , 1
136 , 107 , 1
136 , 136 , 1
136 , 42 , 1
136 , 49 , 1
136 , 67 , 1
136 , 55 , 1
136 , 72 , 1
137 , 137 , 1
137 , 174 , 1
138 , 188 , 1
138 , 191 , 1
138 , 168 , 1
138 , 207 , 1
138 , 131 , 1
138 , 138 , 1
138 , 158 , 1
138 , 126 , 1
139 , 20 , 1
139 , 58 , 1
139 , 49 , 1
139 , 139 , 1
139 , 115 , 1
139 , 118 , 1
139 , 82 , 1
139 , 53 , 1
139 , 22 , 1
139 , 137 , 1
139 , 81 , 1
139 , 18 , 1
139 , 178 , 1
139 , 171 , 1
139 , 174 , 1
139 , 78 , 1
139 , 26 , 1
139 , 123 , 1
139 , 10 , 1
139 , 80 , 1
139 , 199 , 1
139 , 67 , 1
139 , 106 , 1
139 , 104 , 1
139 , 164 , 1
139 , 214 , 1
139 , 72 , 1
139 , 45 , 1
139 , 169 , 1
139 , 107 , 1
139 , 86 , 1
139 , 129 , 1
139 , 218 , 1
139 , 136 , 1
139 , 55 , 1
140 , 220 , 1
140 , 140 , 1
141 , 18 , 1
141 , 41 , 1
141 , 80 , 1
141 , 22 , 1
141 , 171 , 1
141 , 141 , 1
141 , 115 , 1
141 , 53 , 1
141 , 169 , 1
141 , 114 , 1
141 , 79 , 1
142 , 44 , 1
142 , 139 , 1
142 , 127 , 1
142 , 9 , 1
142 , 81 , 1
142 , 19 , 1
142 , 142 , 1
142 , 123 , 1
142 , 49 , 1
142 , 12 , 1
142 , 2 , 1
142 , 100 , 1
142 , 4 , 1
142 , 171 , 1
142 , 205 , 1
142 , 174 , 1
142 , 50 , 1
143 , 103 , 1
143 , 143 , 1
144 , 126 , 1
144 , 167 , 1
144 , 51 , 1
144 , 171 , 1
144 , 182 , 1
144 , 180 , 1
144 , 125 , 1
144 , 73 , 1
144 , 144 , 1
144 , 115 , 1
144 , 203 , 1
144 , 76 , 1
144 , 66 , 1
144 , 140 , 1
144 , 0 , 1
144 , 64 , 1
144 , 21 , 1
144 , 124 , 1
144 , 131 , 1
145 , 143 , 1
145 , 69 , 1
145 , 74 , 1
145 , 66 , 1
145 , 161 , 1
145 , 145 , 1
146 , 11 , 1
146 , 160 , 1
146 , 146 , 1
146 , 168 , 1
146 , 188 , 1
147 , 143 , 1
147 , 62 , 1
147 , 124 , 1
147 , 34 , 1
147 , 87 , 1
147 , 17 , 1
147 , 159 , 1
147 , 18 , 1
147 , 176 , 1
147 , 200 , 1
147 , 132 , 1
147 , 27 , 1
147 , 29 , 1
147 , 76 , 1
147 , 115 , 1
147 , 66 , 1
147 , 134 , 1
147 , 149 , 1
147 , 8 , 1
147 , 171 , 1
147 , 147 , 1
147 , 194 , 1
147 , 125 , 1
147 , 167 , 1
147 , 0 , 1
148 , 17 , 1
148 , 42 , 1
148 , 38 , 1
148 , 75 , 1
148 , 140 , 1
148 , 30 , 1
148 , 47 , 1
148 , 148 , 1
148 , 62 , 1
148 , 27 , 1
149 , 66 , 1
149 , 143 , 1
149 , 4 , 1
149 , 175 , 1
149 , 128 , 1
149 , 166 , 1
149 , 19 , 1
149 , 125 , 1
149 , 24 , 1
149 , 149 , 1
150 , 123 , 1
150 , 143 , 1
150 , 215 , 1
150 , 150 , 1
150 , 213 , 1
150 , 208 , 1
150 , 13 , 1
150 , 133 , 1
150 , 66 , 1
150 , 90 , 1
151 , 207 , 1
151 , 90 , 1
151 , 1 , 1
151 , 151 , 1
151 , 0 , 1
151 , 165 , 1
151 , 143 , 1
151 , 76 , 1
152 , 94 , 1
152 , 152 , 1
152 , 72 , 1
152 , 107 , 1
152 , 70 , 1
152 , 67 , 1
153 , 181 , 1
153 , 8 , 1
153 , 153 , 1
153 , 51 , 1
153 , 60 , 1
153 , 128 , 1
153 , 30 , 1
153 , 143 , 1
153 , 165 , 1
154 , 48 , 1
154 , 149 , 1
154 , 1 , 1
154 , 215 , 1
154 , 192 , 1
154 , 8 , 1
154 , 172 , 1
154 , 38 , 1
154 , 87 , 1
154 , 88 , 1
154 , 200 , 1
154 , 36 , 1
154 , 154 , 1
154 , 193 , 1
154 , 63 , 1
154 , 157 , 1
154 , 29 , 1
154 , 91 , 1
154 , 5 , 1
154 , 25 , 1
155 , 184 , 1
155 , 155 , 1
155 , 103 , 1
155 , 98 , 1
155 , 74 , 1
155 , 35 , 1
155 , 25 , 1
155 , 143 , 1
155 , 200 , 1
155 , 95 , 1
155 , 161 , 1
155 , 8 , 1
156 , 44 , 1
156 , 136 , 1
156 , 118 , 1
156 , 123 , 1
156 , 93 , 1
156 , 218 , 1
156 , 156 , 1
156 , 28 , 1
156 , 81 , 1
156 , 55 , 1
156 , 109 , 1
156 , 45 , 1
156 , 22 , 1
156 , 92 , 1
156 , 99 , 1
157 , 177 , 1
157 , 157 , 1
157 , 149 , 1
157 , 215 , 1
157 , 154 , 1
157 , 147 , 1
157 , 40 , 1
157 , 172 , 1
157 , 84 , 1
157 , 62 , 1
157 , 48 , 1
157 , 211 , 1
157 , 17 , 1
157 , 159 , 1
158 , 98 , 1
158 , 177 , 1
158 , 126 , 1
158 , 131 , 1
158 , 34 , 1
158 , 168 , 1
159 , 202 , 1
159 , 162 , 1
159 , 215 , 1
159 , 207 , 1
159 , 90 , 1
159 , 147 , 1
159 , 172 , 1
159 , 29 , 1
159 , 159 , 1
159 , 6 , 1
159 , 143 , 1
159 , 149 , 1
159 , 189 , 1
159 , 157 , 1
159 , 27 , 1
159 , 66 , 1
160 , 160 , 1
160 , 188 , 1
160 , 146 , 1
160 , 34 , 1
160 , 131 , 1
160 , 158 , 1
160 , 177 , 1
160 , 126 , 1
160 , 76 , 1
161 , 143 , 1
161 , 73 , 1
161 , 8 , 1
161 , 161 , 1
162 , 171 , 1
162 , 143 , 1
162 , 37 , 1
162 , 159 , 1
162 , 181 , 1
162 , 165 , 1
162 , 103 , 1
162 , 206 , 1
162 , 0 , 1
162 , 66 , 1
162 , 60 , 1
162 , 124 , 1
162 , 8 , 1
162 , 73 , 1
162 , 212 , 1
162 , 125 , 1
162 , 65 , 1
162 , 115 , 1
162 , 51 , 1
162 , 197 , 1
162 , 162 , 1
162 , 153 , 1
163 , 152 , 1
163 , 222 , 1
163 , 171 , 1
163 , 163 , 1
164 , 45 , 1
164 , 22 , 1
164 , 20 , 1
164 , 58 , 1
164 , 199 , 1
164 , 18 , 1
164 , 82 , 1
164 , 178 , 1
164 , 139 , 1
164 , 10 , 1
164 , 169 , 1
164 , 106 , 1
164 , 164 , 1
164 , 171 , 1
164 , 136 , 1
164 , 12 , 1
164 , 214 , 1
164 , 123 , 1
164 , 26 , 1
164 , 49 , 1
165 , 153 , 1
165 , 30 , 1
165 , 60 , 1
165 , 65 , 1
165 , 162 , 1
165 , 51 , 1
165 , 66 , 1
165 , 120 , 1
165 , 143 , 1
165 , 151 , 1
165 , 165 , 1
166 , 66 , 1
166 , 149 , 1
166 , 125 , 1
166 , 166 , 1
166 , 4 , 1
167 , 15 , 1
167 , 149 , 1
167 , 66 , 1
167 , 167 , 1
167 , 8 , 1
167 , 125 , 1
167 , 53 , 1
168 , 191 , 1
168 , 158 , 1
168 , 50 , 1
168 , 138 , 1
168 , 188 , 1
168 , 168 , 1
168 , 131 , 1
169 , 139 , 1
169 , 41 , 1
169 , 58 , 1
169 , 164 , 1
169 , 123 , 1
169 , 81 , 1
169 , 136 , 1
169 , 45 , 1
169 , 113 , 1
169 , 82 , 1
169 , 79 , 1
169 , 199 , 1
169 , 55 , 1
169 , 72 , 1
169 , 67 , 1
169 , 28 , 1
169 , 92 , 1
169 , 176 , 1
169 , 22 , 1
169 , 42 , 1
169 , 141 , 1
169 , 169 , 1
169 , 198 , 1
170 , 171 , 1
170 , 123 , 1
170 , 132 , 1
170 , 202 , 1
170 , 197 , 1
170 , 170 , 1
170 , 101 , 1
171 , 141 , 1
171 , 171 , 1
171 , 53 , 1
171 , 66 , 1
171 , 26 , 1
171 , 114 , 1
171 , 49 , 1
171 , 209 , 1
171 , 178 , 1
171 , 115 , 1
172 , 81 , 1
172 , 218 , 1
172 , 28 , 1
172 , 172 , 1
172 , 32 , 1
172 , 48 , 1
172 , 157 , 1
172 , 40 , 1
172 , 123 , 1
172 , 192 , 1
172 , 150 , 1
172 , 156 , 1
172 , 5 , 1
172 , 193 , 1
172 , 207 , 1
172 , 154 , 1
172 , 44 , 1
172 , 215 , 1
172 , 109 , 1
172 , 6 , 1
172 , 159 , 1
173 , 105 , 1
173 , 221 , 1
173 , 30 , 1
173 , 65 , 1
173 , 100 , 1
173 , 173 , 1
173 , 98 , 1
174 , 174 , 1
174 , 137 , 1
175 , 19 , 1
175 , 100 , 1
175 , 4 , 1
175 , 149 , 1
175 , 39 , 1
175 , 25 , 1
175 , 43 , 1
175 , 175 , 1
175 , 2 , 1
175 , 184 , 1
175 , 10 , 1
176 , 141 , 1
176 , 196 , 1
176 , 106 , 1
176 , 169 , 1
176 , 7 , 1
176 , 147 , 1
176 , 22 , 1
176 , 130 , 1
176 , 176 , 1
176 , 67 , 1
176 , 171 , 1
176 , 41 , 1
176 , 87 , 1
176 , 79 , 1
177 , 158 , 1
177 , 200 , 1
177 , 76 , 1
177 , 131 , 1
177 , 188 , 1
177 , 35 , 1
177 , 155 , 1
177 , 134 , 1
177 , 171 , 1
177 , 143 , 1
177 , 34 , 1
177 , 202 , 1
177 , 157 , 1
177 , 177 , 1
177 , 0 , 1
177 , 124 , 1
177 , 126 , 1
177 , 160 , 1
178 , 115 , 1
178 , 178 , 1
178 , 53 , 1
178 , 174 , 1
178 , 171 , 1
178 , 26 , 1
178 , 139 , 1
178 , 107 , 1
178 , 49 , 1
179 , 188 , 1
179 , 124 , 1
179 , 76 , 1
179 , 90 , 1
179 , 73 , 1
179 , 207 , 1
179 , 183 , 1
179 , 179 , 1
179 , 1 , 1
179 , 5 , 1
179 , 143 , 1
180 , 86 , 1
180 , 171 , 1
180 , 123 , 1
180 , 59 , 1
180 , 17 , 1
180 , 96 , 1
180 , 180 , 1
180 , 115 , 1
181 , 165 , 1
181 , 116 , 1
181 , 120 , 1
181 , 162 , 1
181 , 149 , 1
181 , 49 , 1
181 , 60 , 1
181 , 181 , 1
181 , 128 , 1
181 , 153 , 1
181 , 8 , 1
181 , 200 , 1
181 , 30 , 1
181 , 143 , 1
181 , 124 , 1
181 , 187 , 1
181 , 0 , 1
181 , 37 , 1
181 , 65 , 1
181 , 103 , 1
181 , 119 , 1
181 , 73 , 1
181 , 125 , 1
181 , 183 , 1
181 , 51 , 1
182 , 182 , 1
182 , 64 , 1
182 , 31 , 1
182 , 89 , 1
182 , 183 , 1
182 , 149 , 1
182 , 125 , 1
183 , 15 , 1
183 , 182 , 1
183 , 8 , 1
183 , 116 , 1
183 , 5 , 1
183 , 187 , 1
183 , 66 , 1
183 , 51 , 1
183 , 24 , 1
183 , 179 , 1
183 , 143 , 1
183 , 74 , 1
183 , 193 , 1
183 , 183 , 1
184 , 4 , 1
184 , 175 , 1
184 , 95 , 1
184 , 25 , 1
184 , 149 , 1
184 , 100 , 1
184 , 105 , 1
184 , 19 , 1
184 , 43 , 1
184 , 101 , 1
184 , 155 , 1
184 , 184 , 1
184 , 66 , 1
184 , 39 , 1
184 , 65 , 1
184 , 2 , 1
184 , 186 , 1
185 , 46 , 1
185 , 96 , 1
185 , 99 , 1
185 , 59 , 1
185 , 118 , 1
185 , 81 , 1
185 , 9 , 1
185 , 185 , 1
185 , 218 , 1
185 , 123 , 1
185 , 44 , 1
185 , 139 , 1
185 , 86 , 1
185 , 92 , 1
185 , 216 , 1
185 , 58 , 1
185 , 109 , 1
185 , 136 , 1
186 , 168 , 1
186 , 184 , 1
186 , 36 , 1
186 , 21 , 1
186 , 175 , 1
186 , 92 , 1
186 , 203 , 1
186 , 43 , 1
186 , 119 , 1
186 , 124 , 1
186 , 186 , 1
187 , 143 , 1
187 , 187 , 1
188 , 134 , 1
188 , 160 , 1
188 , 168 , 1
188 , 34 , 1
188 , 76 , 1
188 , 188 , 1
188 , 126 , 1
188 , 177 , 1
188 , 131 , 1
188 , 158 , 1
189 , 159 , 1
189 , 145 , 1
189 , 85 , 1
189 , 155 , 1
189 , 90 , 1
189 , 31 , 1
189 , 189 , 1
189 , 182 , 1
189 , 27 , 1
189 , 74 , 1
189 , 0 , 1
189 , 149 , 1
189 , 171 , 1
189 , 119 , 1
189 , 36 , 1
190 , 112 , 1
190 , 66 , 1
190 , 146 , 1
190 , 24 , 1
190 , 171 , 1
190 , 49 , 1
190 , 190 , 1
190 , 15 , 1
190 , 23 , 1
190 , 100 , 1
190 , 65 , 1
190 , 110 , 1
191 , 21 , 1
191 , 138 , 1
191 , 168 , 1
191 , 76 , 1
191 , 207 , 1
191 , 126 , 1
191 , 191 , 1
191 , 11 , 1
191 , 143 , 1
191 , 131 , 1
192 , 35 , 1
192 , 75 , 1
192 , 154 , 1
192 , 88 , 1
192 , 212 , 1
192 , 40 , 1
192 , 85 , 1
192 , 192 , 1
193 , 40 , 1
193 , 193 , 1
193 , 154 , 1
193 , 172 , 1
193 , 183 , 1
193 , 90 , 1
193 , 8 , 1
194 , 101 , 1
194 , 194 , 1
194 , 66 , 1
194 , 182 , 1
194 , 125 , 1
195 , 95 , 1
195 , 4 , 1
195 , 44 , 1
195 , 39 , 1
195 , 76 , 1
195 , 175 , 1
195 , 58 , 1
195 , 203 , 1
195 , 135 , 1
195 , 100 , 1
195 , 182 , 1
195 , 194 , 1
195 , 67 , 1
195 , 30 , 1
195 , 98 , 1
195 , 2 , 1
195 , 6 , 1
195 , 152 , 1
195 , 205 , 1
195 , 114 , 1
195 , 53 , 1
195 , 208 , 1
195 , 195 , 1
195 , 167 , 1
195 , 133 , 1
195 , 81 , 1
195 , 3 , 1
195 , 32 , 1
195 , 72 , 1
195 , 127 , 1
195 , 176 , 1
195 , 115 , 1
195 , 25 , 1
195 , 123 , 1
195 , 129 , 1
196 , 49 , 1
196 , 31 , 1
196 , 176 , 1
196 , 123 , 1
196 , 67 , 1
196 , 81 , 1
196 , 141 , 1
196 , 171 , 1
196 , 18 , 1
196 , 80 , 1
196 , 218 , 1
196 , 209 , 1
196 , 169 , 1
196 , 41 , 1
196 , 127 , 1
196 , 113 , 1
196 , 118 , 1
196 , 196 , 1
197 , 170 , 1
197 , 8 , 1
197 , 161 , 1
197 , 103 , 1
197 , 197 , 1
197 , 132 , 1
197 , 74 , 1
197 , 200 , 1
197 , 143 , 1
197 , 204 , 1
198 , 107 , 1
198 , 42 , 1
198 , 169 , 1
198 , 45 , 1
198 , 139 , 1
198 , 198 , 1
198 , 136 , 1
198 , 171 , 1
198 , 218 , 1
198 , 94 , 1
198 , 82 , 1
198 , 113 , 1
199 , 58 , 1
199 , 198 , 1
199 , 214 , 1
199 , 82 , 1
199 , 169 , 1
199 , 45 , 1
199 , 123 , 1
199 , 49 , 1
199 , 199 , 1
199 , 164 , 1
199 , 106 , 1
199 , 136 , 1
199 , 139 , 1
200 , 143 , 1
200 , 35 , 1
200 , 145 , 1
200 , 8 , 1
200 , 117 , 1
200 , 74 , 1
200 , 90 , 1
200 , 134 , 1
200 , 181 , 1
200 , 197 , 1
200 , 200 , 1
201 , 201 , 1
201 , 15 , 1
201 , 65 , 1
201 , 8 , 1
201 , 182 , 1
201 , 49 , 1
201 , 26 , 1
201 , 34 , 1
201 , 39 , 1
201 , 0 , 1
201 , 66 , 1
201 , 143 , 1
201 , 120 , 1
201 , 131 , 1
201 , 101 , 1
201 , 50 , 1
201 , 30 , 1
201 , 21 , 1
201 , 113 , 1
201 , 171 , 1
202 , 159 , 1
202 , 202 , 1
202 , 45 , 1
202 , 170 , 1
202 , 50 , 1
202 , 76 , 1
202 , 177 , 1
202 , 123 , 1
202 , 207 , 1
203 , 98 , 1
203 , 203 , 1
203 , 124 , 1
203 , 51 , 1
204 , 80 , 1
204 , 143 , 1
204 , 161 , 1
204 , 204 , 1
205 , 171 , 1
205 , 205 , 1
205 , 21 , 1
205 , 203 , 1
205 , 124 , 1
205 , 195 , 1
205 , 0 , 1
205 , 100 , 1
205 , 32 , 1
205 , 74 , 1
206 , 143 , 1
206 , 132 , 1
206 , 73 , 1
206 , 66 , 1
206 , 103 , 1
206 , 206 , 1
207 , 192 , 1
207 , 194 , 1
207 , 202 , 1
207 , 8 , 1
207 , 220 , 1
207 , 11 , 1
207 , 200 , 1
207 , 207 , 1
207 , 0 , 1
207 , 90 , 1
207 , 87 , 1
207 , 154 , 1
207 , 65 , 1
207 , 124 , 1
207 , 211 , 1
207 , 172 , 1
207 , 91 , 1
207 , 51 , 1
207 , 40 , 1
207 , 215 , 1
207 , 66 , 1
207 , 159 , 1
207 , 63 , 1
207 , 143 , 1
207 , 29 , 1
207 , 5 , 1
207 , 219 , 1
207 , 30 , 1
207 , 1 , 1
207 , 179 , 1
207 , 151 , 1
208 , 208 , 1
208 , 66 , 1
208 , 90 , 1
208 , 13 , 1
208 , 65 , 1
208 , 213 , 1
208 , 32 , 1
208 , 143 , 1
208 , 133 , 1
209 , 12 , 1
209 , 22 , 1
209 , 96 , 1
209 , 53 , 1
209 , 209 , 1
209 , 171 , 1
209 , 79 , 1
209 , 72 , 1
209 , 115 , 1
209 , 67 , 1
210 , 152 , 1
210 , 209 , 1
210 , 82 , 1
210 , 169 , 1
210 , 199 , 1
210 , 86 , 1
210 , 136 , 1
210 , 49 , 1
210 , 42 , 1
210 , 22 , 1
210 , 55 , 1
210 , 58 , 1
210 , 202 , 1
210 , 210 , 1
210 , 78 , 1
210 , 67 , 1
210 , 123 , 1
210 , 171 , 1
210 , 18 , 1
210 , 141 , 1
210 , 45 , 1
210 , 114 , 1
210 , 72 , 1
210 , 139 , 1
210 , 81 , 1
211 , 211 , 1
211 , 66 , 1
211 , 53 , 1
211 , 76 , 1
211 , 141 , 1
211 , 50 , 1
211 , 159 , 1
211 , 101 , 1
211 , 209 , 1
211 , 115 , 1
211 , 48 , 1
211 , 207 , 1
211 , 125 , 1
211 , 171 , 1
211 , 149 , 1
212 , 212 , 1
212 , 83 , 1
212 , 215 , 1
212 , 91 , 1
212 , 87 , 1
212 , 192 , 1
213 , 213 , 1
213 , 13 , 1
213 , 208 , 1
213 , 116 , 1
213 , 133 , 1
213 , 150 , 1
213 , 23 , 1
214 , 199 , 1
214 , 214 , 1
214 , 45 , 1
214 , 164 , 1
214 , 123 , 1
214 , 81 , 1
214 , 218 , 1
214 , 136 , 1
214 , 139 , 1
214 , 58 , 1
215 , 110 , 1
215 , 172 , 1
215 , 124 , 1
215 , 157 , 1
215 , 207 , 1
215 , 13 , 1
215 , 91 , 1
215 , 87 , 1
215 , 215 , 1
215 , 133 , 1
215 , 66 , 1
215 , 159 , 1
215 , 27 , 1
215 , 194 , 1
215 , 29 , 1
215 , 89 , 1
215 , 53 , 1
215 , 143 , 1
215 , 212 , 1
215 , 219 , 1
215 , 11 , 1
215 , 32 , 1
215 , 154 , 1
216 , 123 , 1
216 , 9 , 1
216 , 216 , 1
216 , 185 , 1
216 , 81 , 1
216 , 136 , 1
216 , 218 , 1
216 , 46 , 1
216 , 99 , 1
216 , 44 , 1
216 , 109 , 1
217 , 123 , 1
217 , 218 , 1
217 , 7 , 1
217 , 81 , 1
217 , 127 , 1
217 , 28 , 1
217 , 52 , 1
217 , 217 , 1
217 , 9 , 1
217 , 92 , 1
217 , 118 , 1
217 , 44 , 1
217 , 47 , 1
218 , 136 , 1
218 , 118 , 1
218 , 92 , 1
218 , 104 , 1
218 , 164 , 1
218 , 28 , 1
218 , 156 , 1
218 , 99 , 1
218 , 109 , 1
218 , 217 , 1
218 , 46 , 1
218 , 9 , 1
218 , 52 , 1
218 , 58 , 1
218 , 196 , 1
218 , 216 , 1
218 , 45 , 1
218 , 78 , 1
218 , 49 , 1
218 , 127 , 1
218 , 10 , 1
218 , 171 , 1
218 , 55 , 1
218 , 26 , 1
218 , 139 , 1
218 , 44 , 1
218 , 218 , 1
218 , 123 , 1
218 , 214 , 1
218 , 185 , 1
218 , 22 , 1
218 , 81 , 1
219 , 219 , 1
219 , 220 , 1
219 , 159 , 1
219 , 143 , 1
219 , 29 , 1
219 , 90 , 1
219 , 215 , 1
219 , 207 , 1
220 , 220 , 1
220 , 207 , 1
220 , 83 , 1
220 , 143 , 1
220 , 140 , 1
220 , 219 , 1
221 , 173 , 1
221 , 100 , 1
221 , 143 , 1
221 , 105 , 1
221 , 103 , 1
221 , 65 , 1
221 , 221 , 1
221 , 30 , 1
